{
  "isis_camera_version": 1,
  "image_lines": 1,
  "image_samples": 1,
  "name_platform": "Mars_Reconnaissance_Orbiter",
  "name_sensor": "CONTEXT CAMERA",
  "reference_height": {
    "maxheight": 1000,
    "minheight": -1000,
    "unit": "m"
  },
  "name_model": "USGS_ASTRO_LINE_SCANNER_SENSOR_MODEL",
  "interpolation_method": "lagrange",
  "line_scan_rate": [
    [
      0.5,
      -0.0009385347366333008,
      0.001877
    ]
  ],
  "starting_ephemeris_time": 297088762.24158406,
  "center_ephemeris_time": 297088762.2425226,
  "radii": {
    "semimajor": 3396.19,
    "semiminor": 3376.2,
    "unit": "km"
  },
  "body_rotation": {
    "time_dependent_frames": [
      10014,
      1
    ],
    "ck_table_start_time": 297088762.24158406,
    "ck_table_end_time": 297088762.2434611,
    "ck_table_original_size": 2,
    "ephemeris_times": [
      297088762.24158406,
      297088762.2434611
    ],
    "quaternions": [
      [
        0.8371209459443085,
        -0.2996928944391797,
        -0.10720760458181891,
        -0.4448811306448063
      ],
      [
        0.8371209163489989,
        -0.29969290157106665,
        -0.10720758464502428,
        -0.44488118633350565
      ]
    ],
    "angular_velocities": [
      [
        3.16238646979841e-05,
        -2.880432898124293e-05,
        5.6520131658726165e-05
      ],
      [
        3.162386469798407e-05,
        -2.8804328981243005e-05,
        5.6520131658726145e-05
      ]
    ],
    "reference_frame": 1
  },
  "instrument_pointing": {
    "time_dependent_frames": [
      -74000,
      -74900,
      1
    ],
    "ck_table_start_time": 297088762.24158406,
    "ck_table_end_time": 297088762.2434611,
    "ck_table_original_size": 2,
    "ephemeris_times": [
      297088762.24158406,
      297088762.2434611
    ],
    "quaternions": [
      [
        0.42061124835443375,
        0.1860622266332136,
        -0.23980124331599867,
        0.8549633847610767
      ],
      [
        0.42061139037319234,
        0.18606299339177235,
        -0.23980084659599213,
        0.8549632592984735
      ]
    ],
    "angular_velocities": [
      [
        -0.0006409728984903078,
        0.0005054077299115119,
        0.00047182679484680703
      ],
      [
        -0.000640980988402087,
        0.0005053310202622464,
        0.0004719397475515134
      ]
    ],
    "reference_frame": 1,
    "constant_frames": [
      -74021,
      -74020,
      -74699,
      -74690,
      -74000
    ],
    "constant_rotation": [
      0.9999995608798441,
      -1.5196024192803473e-05,
      0.0009370214510594065,
      1.5276552075356666e-05,
      0.9999999961910578,
      -8.593317911879534e-05,
      -0.0009370201416476771,
      8.594745584079715e-05,
      0.9999995573030465
    ]
  },
  "naif_keywords": {
    "BODY499_RADII": [
      3396.19,
      3396.19,
      3376.2
    ],
    "BODY_FRAME_CODE": 10014,
    "BODY_CODE": 499,
    "INS-74021_FOV_ANGLE_UNITS": "DEGREES",
    "TKFRAME_-74021_UNITS": "DEGREES",
    "INS-74021_FOV_ANGULAR_SIZE": [
      5.73,
      0.001146
    ],
    "INS-74021_PIXEL_LINES": 1.0,
    "TKFRAME_-74021_ANGLES": [
      0.0,
      0.0,
      0.0
    ],
    "INS-74021_IFOV": [
      2e-05,
      2e-05
    ],
    "FRAME_-74021_CENTER": -74.0,
    "INS-74021_F/RATIO": 3.25,
    "INS-74021_PLATFORM_ID": -74000.0,
    "INS-74021_CCD_CENTER": [
      2500.5,
      0.5
    ],
    "INS-74021_PIXEL_SAMPLES": 5000.0,
    "INS-74021_FOCAL_LENGTH": 352.9271664,
    "INS-74021_FOV_CROSS_ANGLE": 0.00057296,
    "INS-74021_TRANSX": [
      0.0,
      0.0,
      0.007
    ],
    "INS-74021_FOV_CLASS_SPEC": "ANGLES",
    "INS-74021_TRANSY": [
      0.0,
      0.007,
      0.0
    ],
    "INS-74021_FOV_REF_VECTOR": [
      0.0,
      1.0,
      0.0
    ],
    "INS-74021_BORESIGHT": [
      0.0,
      0.0,
      1.0
    ],
    "FRAME_-74021_NAME": "MRO_CTX",
    "INS-74021_PIXEL_PITCH": 0.007,
    "TKFRAME_-74021_AXES": [
      1.0,
      2.0,
      3.0
    ],
    "TKFRAME_-74021_SPEC": "ANGLES",
    "INS-74021_BORESIGHT_LINE": 0.430442527,
    "INS-74021_FOV_SHAPE": "RECTANGLE",
    "INS-74021_BORESIGHT_SAMPLE": 2543.46099,
    "FRAME_-74021_CLASS": 4.0,
    "INS-74021_CK_FRAME_ID": -74000.0,
    "INS-74021_ITRANSL": [
      0.0,
      142.85714285714,
      0.0
    ],
    "INS-74021_FOV_REF_ANGLE": 2.86478898,
    "INS-74021_ITRANSS": [
      0.0,
      0.0,
      142.85714285714
    ],
    "FRAME_-74021_CLASS_ID": -74021.0,
    "INS-74021_OD_K": [
      -0.0073433925920054505,
      2.8375878636241697e-05,
      1.2841989124027099e-08
    ],
    "INS-74021_FOV_FRAME": "MRO_CTX",
    "INS-74021_CK_REFERENCE_ID": -74900.0,
    "TKFRAME_-74021_RELATIVE": "MRO_CTX_BASE",
    "INS-74021_PIXEL_SIZE": [
      0.007,
      0.007
    ],
    "SCLK_PARTITION_END_74999": [
      52973626698957.0,
      56987144678331.0,
      58187590527162.99,
      60316687182323.0,
      60877152115000.0,
      61228279788693.0,
      61339176915162.99,
      61899057915627.0,
      63521451859691.0,
      65622287643263.0
    ],
    "SCLK01_N_FIELDS_74999": 2.0,
    "SCLK01_OUTPUT_DELIM_74999": 1.0,
    "BODY499_POLE_DEC": [
      52.8865,
      -0.0609,
      0.0
    ],
    "SCLK01_OFFSETS_74999": [
      0.0,
      0.0
    ],
    "SCLK_DATA_TYPE_74999": 1.0,
    "SCLK01_COEFFICIENTS_74999": [
      0.0,
      -631195148.816,
      1.0,
      3097283854336.0,
      -583934347.816,
      1.0,
      5164027215872.0,
      -552398346.816,
      1.0,
      7230770577408.0
    ],
    "SCLK01_TIME_SYSTEM_74999": 2.0,
    "SCLK_PARTITION_START_74999": [
      0.0,
      52973626982399.99,
      56987144683520.0,
      58187590533120.0,
      60316687204352.01,
      60877152124927.99,
      61228279791616.0,
      61339176927232.0,
      61899057922048.0,
      63521451868160.0
    ],
    "BODY499_POLE_RA": [
      317.68143,
      -0.1061,
      0.0
    ],
    "BODY499_PM": [
      176.63,
      350.89198226,
      0.0
    ],
    "SCLK01_MODULI_74999": [
      4294967296.0,
      65536.0
    ]
  },
  "detector_sample_summing": 1,
  "detector_line_summing": 1,
  "focal_length_model": {
    "focal_length": 352.9271664
  },
  "detector_center": {
    "line": 0.430442527,
    "sample": 2542.96099
  },
  "focal2pixel_lines": [
    0.0,
    142.85714285714,
    0.0
  ],
  "focal2pixel_samples": [
    0.0,
    0.0,
    142.85714285714
  ],
  "optical_distortion": {
    "radial": {
      "coefficients": [
        -0.0073433925920054505,
        2.8375878636241697e-05,
        1.2841989124027099e-08
      ]
    }
  },
  "starting_detector_line": 0,
  "starting_detector_sample": 0,
  "instrument_position": {
    "spk_table_start_time": 297088762.24158406,
    "spk_table_end_time": 297088762.2434611,
    "spk_table_original_size": 2,
    "ephemeris_times": [
      297088762.24158406,
      297088762.2434611
    ],
    "positions": [
      [
        -1885.2980675616827,
        913.1652236013311,
        -2961.966828003069
      ],
      [
        -1885.3017519980376,
        913.1599537256886,
        -2961.966125120423
      ]
    ],
    "velocities": [
      [
        -1.9629237646703686,
        -2.80759072221274,
        0.37446657801485306
      ],
      [
        -1.962920608078827,
        -2.8075922570664518,
        0.37447154183051934
      ]
    ],
    "reference_frame": 1
  },
  "sun_position": {
    "spk_table_start_time": 297088762.24158406,
    "spk_table_end_time": 297088762.2434611,
    "spk_table_original_size": 2,
    "ephemeris_times": [
      297088762.24158406,
      297088762.2434611
    ],
    "positions": [
      [
        -208246643.00357282,
        -7677078.093689713,
        2103553.070434021
      ],
      [
        -208246643.0039674,
        -7677078.138553765,
        2103553.0498667755
      ]
    ],